{"<epoch> Teacher Train Loss": 1.1940488815307617, "<epoch> Student Train Loss": 0.16980761289596558, "<epoch> Student Validation Loss": 0.5316961407661438, "<epoch> Teacher lr": 3.7549443569363142e-06, "<epoch> Student lr": 3.7500000000000005e-06, "_timestamp": 1681132133.7930815, "_runtime": 22689.096722602844, "_step": 1, "_wandb": {"runtime": 32508}}