{"<epoch> Train Loss": 0.09355620294809341, "<epoch> Valid Loss": 0.6027517318725586, "<epoch> Gradient Norm": 4.704485893249512, "<epoch> lr": 4.851965377234608e-06, "_timestamp": 1681498797.7809923, "_runtime": 7674.921300172806, "_step": 5, "_wandb": {"runtime": 8234}}