{"<epoch> Valid Loss": 0.6753064393997192, "_timestamp": 1681854254.2791846, "_runtime": 26.865232467651367, "_step": 0, "_wandb": {"runtime": 26}}