{"<epoch> Train Loss": 0.4240109920501709, "<epoch> Valid Loss": 0.4588879942893982, "<epoch> Gradient Norm": 17538.2265625, "<epoch> lr": 3.3333333333333333e-06, "_timestamp": 1680765423.3269532, "_runtime": 1166.6057221889496, "_step": 1, "_wandb": {"runtime": 1185}}