{"<epoch> Train Loss": 0.5225738883018494, "<epoch> Valid Loss": 0.5412636399269104, "<epoch> Pearson Score": 0.8400916862936932, "<epoch> Gradient Norm": 656.0692138671875, "<epoch> lr": 0.0, "_timestamp": 1682078961.2277043, "_runtime": 4012.786840200424, "_step": 5, "_wandb": {"runtime": 4058}}