{"<epoch> Train Loss": 0.45286259055137634, "<epoch> Valid Loss": 0.5785332918167114, "<epoch> Gradient Norm": 4.2907891273498535, "<epoch> lr": 2.0817057107638815e-06, "_timestamp": 1681341298.0658987, "_runtime": 1416.8569955825806, "_step": 2}