{"<epoch> Train Loss": 0.5206549763679504, "<epoch> Valid Loss": 0.5573484301567078, "<epoch> Pearson Score": 0.8178737662474407, "<epoch> Gradient Norm": 675.8956909179688, "<epoch> lr": 0.0, "_timestamp": 1682082928.612474, "_runtime": 3910.882152080536, "_step": 5, "_wandb": {"runtime": 3953}}