{"<epoch> Train Loss": null, "<epoch> Valid Loss": null, "<epoch> Gradient Norm": null, "<epoch> lr": 1.1690250674656764e-06, "_timestamp": 1680861581.0122337, "_runtime": 6723.090575695038, "_step": 9, "_wandb": {"runtime": 6839}}