{"<epoch> Train Loss": 0.6319034099578857, "<epoch> Valid Loss": 0.5796054601669312, "<epoch> Pearson Score": 0.7856733533317011, "<epoch> Gradient Norm": 988.5458984375, "<epoch> lr": 1.6666666666666667e-05, "_timestamp": 1681994918.5999672, "_runtime": 784.8170001506805, "_step": 0}