{"<epoch> Train Loss": 0.45943495631217957, "<epoch> Valid Loss": 0.5402241945266724, "<epoch> Gradient Norm": 3046.780517578125, "<epoch> lr": 3.568257516065573e-06, "_timestamp": 1680762389.2447436, "_runtime": 2056.901582479477, "_step": 7}