{"<epoch> Train Loss": 0.09227946400642395, "<epoch> Valid Loss": 0.49735403060913086, "<epoch> Gradient Norm": 3.847933530807495, "<epoch> lr": 2.0751211595939285e-06, "_timestamp": 1681424407.1617281, "_runtime": 28686.179202079773, "_step": 25}