{"<epoch> Train Loss": null, "<epoch> Valid Loss": null, "<epoch> Gradient Norm": null, "<epoch> lr": 1.1690250674656764e-06, "_timestamp": 1680777142.3564572, "_runtime": 5342.620027303696, "_step": 9}