{"<epoch> Train Loss": 0.5233174562454224, "<epoch> Valid Loss": 0.5424506664276123, "<epoch> Pearson Score": 0.8252947343504897, "<epoch> Gradient Norm": 612.3934936523438, "<epoch> lr": 0.0, "_timestamp": 1682086882.1397853, "_runtime": 3902.7100472450256, "_step": 5, "_wandb": {"runtime": 3955}}