{"<epoch> Train Loss": 0.5270455479621887, "<epoch> Valid Loss": 0.5437450408935547, "<epoch> Pearson Score": 0.8343628299628528, "<epoch> Gradient Norm": 261.69696044921875, "<epoch> lr": 1.9720811128880196e-05, "_timestamp": 1682041552.7502663, "_runtime": 4402.924606323242, "_step": 13, "_wandb": {"runtime": 4402}}