{"<epoch> Train Loss": null, "<epoch> Valid Loss": null, "<epoch> Gradient Norm": null, "<epoch> lr": 8.332500000000003e-07, "_timestamp": 1680784215.0451972, "_runtime": 6099.129602193832, "_step": 10, "_wandb": {"runtime": 6188}}