{"<epoch> Train Loss": null, "<epoch> Valid Loss": null, "<epoch> Gradient Norm": null, "<epoch> lr": 1.5288815207703584e-06, "_timestamp": 1680789460.1566095, "_runtime": 5113.284052610397, "_step": 8, "_wandb": {"runtime": 5297}}