{"<epoch> Valid Loss": 0.7409012317657471, "_timestamp": 1681854287.4216573, "_runtime": 24.117682218551636, "_step": 0, "_wandb": {"runtime": 22}}